<?xml version="1.0"?>
<skin version="1.0" name="Classic" author="LongTail Video">

	<settings>
		<setting name="backcolor" value="0xFF0000" />
		<setting name="frontcolor" value="0x111111" />
		<setting name="lightcolor" value="0x000000" />
		<setting name="screencolor" value="0x000000" />
	</settings>

	<components>
		<component name="controlbar">
			<settings>
				<setting name="margin" value="10" />
				<setting name="fontsize" value="10" />
			</settings>
			
			<layout>   
				<group position="left">
					<button name="play" />      
					<button name="stop"  onClick="player.sendEvent('STOP')"/>   
					<button name="prev" />   
					<button name="next" />   
				</group>      
				<group position="center">
				      <slider name="time" />
				</group>      
				<group position="right">
					<button name="mute" />
				    	<divider width="0" /> 
					<slider name="volume" />
					</group>
			</layout>

			<elements>
				<element name="background" src="back.png" />
				<element name="capLeft" src="divider.png" />
				<element name="capRight" src="divider.png" />
				<element name="divider" src="divider.png" />
								
				<element name="blankButton" src="blankButton.png" />
				<element name="blankButtonOver" src="blankButton.png" />
				
				<element name="playButton" src="play.png" />
				<element name="playButtonOver" src="play.png" />
				
				<element name="pauseButton" src="pause.png" />
				<element name="pauseButtonOver" src="pause.png" />
				
				<element name="prevButton" src="prev.png" />
				<element name="prevButtonOver" src="prev.png" />
				<element name="nextButton" src="next.png" />
				<element name="nextButtonOver" src="next.png" />
				<element name="stopButton" src="stop.png" />
				<element name="stopButtonOver" src="stop.png" />
				
				<element name="timeSliderRail" src="timeRail.png" />      							
				<element name="timeSliderBuffer" src="timeBuffer.png" />
				<element name="timeSliderProgress" src="timeProgress.png" />
				<element name="timeSliderThumb" src="timeThumb.png" />
				
				<element name="fullscreenButton" src="fullscreen.png" />
				<element name="fullscreenButtonOver" src="fullscreen.png" />
				
				<element name="normalscreenButton" src="normalscreen.png" />
				<element name="normalscreenButtonOver" src="normalscreen.png" />
				
				<element name="muteButton" src="mute.png" />
				<element name="muteButtonOver" src="mute.png" />
				
				<element name="unmuteButton" src="unmute.png" />
				<element name="unmuteButtonOver" src="unmute.png" />
				
				<element name="volumeSliderRail" src="volumeRail.png" />
				<element name="volumeSliderBuffer" src="volumeBuffer.png" />
				<element name="volumeSliderProgress" src="volumeProgress.png" />
			</elements>
		</component>
		
		<component name="display">
			<elements>
				<element name="background" src="back.png" />
				<element name="playIcon" src="play.png" />
				<element name="muteIcon" src="mute.png" />
				<element name="errorIcon" src="error.png" />
				<element name="bufferIcon" src="buffer.png" />
			</elements>
		</component>
		
		<component name="dock">
			<elements>
				<element name="button" src="button.png" />
				<element name="buttonOver" src="button.png" />
			</elements>
		</component>
		
		<component name="playlist">
			<elements>
				<element name="background" src="back.png" />
				<element name="item" src="item.png" />
				<element name="itemOver" src="itemOver.png" />
				<element name="sliderRail" src="rail.png" />
				<element name="sliderThumb" src="thumb.png" />
			</elements>
		</component>

	</components>

</skin>